<?xml version="1.0" encoding="UTF-8"?>
<project-private xmlns="http://www.netbeans.org/ns/project-private/1">
    <editor-bookmarks xmlns="http://www.netbeans.org/ns/editor-bookmarks/2" lastBookmarkId="0"/>
    <open-files xmlns="http://www.netbeans.org/ns/projectui-open-files/2">
        <group>
            <file>file:/C:/Users/N0812181/Projects/FarmWeatherClientServer/src/farmweatherclientserver/FarmWeatherServer.java</file>
            <file>file:/C:/Users/N0812181/Projects/FarmWeatherClientServer/src/farmweatherclientserver/WeatherStationClient.java</file>
            <file>file:/C:/Users/N0812181/Projects/FarmWeatherClientServer/src/farmweatherclientserver/ServerUserThread.java</file>
            <file>file:/C:/Users/N0812181/Projects/FarmWeatherClientServer/src/farmweatherclientserver/UserClient.java</file>
            <file>file:/C:/Users/N0812181/Projects/FarmWeatherClientServer/src/farmweatherclientserver/ServerWeatherThread.java</file>
        </group>
    </open-files>
</project-private>
